{"cameraMode":{"drawMode":0,"name":"Shaded","section":"Shading Mode"},"sceneLighting":true,"audioPlay":false,"sceneViewState":{"showFog":true,"showMaterialUpdate":false,"showSkybox":true,"showFlares":true,"showImageEffects":true,"showParticleSystems":true},"in2DMode":false,"pivot":{"x":-36.41780090332031,"y":34.727012634277347,"z":0.6579548716545105},"rotation":{"x":0.3065697252750397,"y":0.19101352989673615,"z":-0.0629424974322319,"w":0.9303703308105469},"size":35.39889144897461,"orthographic":false}