{"cameraMode":{"drawMode":0,"name":"Shaded","section":"Shading Mode"},"sceneLighting":false,"audioPlay":false,"sceneViewState":{"showFog":true,"showMaterialUpdate":false,"showSkybox":false,"showFlares":true,"showImageEffects":true,"showParticleSystems":true},"in2DMode":false,"pivot":{"x":-14.662202835083008,"y":18.222509384155275,"z":-30.613134384155275},"rotation":{"x":0.00416816771030426,"y":0.9941244125366211,"z":0.0414695143699646,"w":-0.0999443456530571},"size":48.823978424072269,"orthographic":false}