{"cameraMode":{"drawMode":0,"name":"Shaded","section":"Shading Mode"},"sceneLighting":false,"audioPlay":false,"sceneViewState":{"showFog":true,"showMaterialUpdate":false,"showSkybox":false,"showFlares":true,"showImageEffects":true,"showParticleSystems":true},"in2DMode":false,"pivot":{"x":0.0700000524520874,"y":9.719999313354493,"z":5.599999904632568},"rotation":{"x":-0.11689160019159317,"y":0.766068160533905,"z":-0.14559179544448853,"w":-0.6150657534599304},"size":33.7373046875,"orthographic":false}