{"cameraMode":{"drawMode":0,"name":"Shaded","section":"Shading Mode"},"sceneLighting":false,"audioPlay":false,"sceneViewState":{"showFog":true,"showMaterialUpdate":false,"showSkybox":false,"showFlares":true,"showImageEffects":true,"showParticleSystems":true},"in2DMode":false,"pivot":{"x":-2.6506264209747316,"y":15.894414901733399,"z":14.844648361206055},"rotation":{"x":-0.11689160019159317,"y":0.766068160533905,"z":-0.14559179544448853,"w":-0.6150657534599304},"size":3.5086960792541506,"orthographic":false}