{"cameraMode":{"drawMode":0,"name":"Shaded","section":"Shading Mode"},"sceneLighting":true,"audioPlay":false,"sceneViewState":{"showFog":true,"showMaterialUpdate":false,"showSkybox":true,"showFlares":true,"showImageEffects":true,"showParticleSystems":true},"in2DMode":false,"pivot":{"x":-17.47532081604004,"y":42.503570556640628,"z":-4.995214939117432},"rotation":{"x":0.3874446451663971,"y":0.3107052445411682,"z":-0.1405497044324875,"w":0.8565099835395813},"size":17.721960067749025,"orthographic":false}